name,cash_balance
antoinemicro,9940.110000000015
antoine68,11848.609999999995
chlidlunk,9069.519999999997
francoislgrd,7481.150000000005
charlelee,10000.0
tanher,9372.419999999987
