name,cash_balance
antoinemicro,9944.570000000018
antoine68,12166.149999999992
chlidlunk,9078.219999999994
francoislgrd,7579.810000000005
charlelee,10000.0
tanher,9385.899999999987
