name,cash_balance
antoinemicro,9862.26
antoine68,6132.780000000001
chlidlunk,8922.549999999996
francoislgrd,5687.379999999999
charlelee,10000.0
