name,cash_balance
antoinemicro,9946.79000000002
antoine68,12077.629999999992
chlidlunk,9082.339999999997
francoislgrd,7626.600000000005
charlelee,10000.0
tanher,9393.389999999989
